{
    "temperature": 1.056275725364685,
    "conformal_quantile_90": 0.6666721105575562,
    "alpha": 0.1
}